{
    "epoch_losses": [
        0.6643978003412485,
        0.4505574246868491,
        0.3920605955645442,
        0.4319398673251271,
        0.4135042284615338,
        0.4473878340795636,
        0.5122854439541698,
        0.4054526980035007,
        0.3650643283035606,
        0.39048073161393404,
        0.365574870724231,
        0.3247108939103782,
        0.5249830917455256,
        0.4964797617867589,
        0.49887250270694494,
        0.40284862043336034,
        0.37212959746830165,
        0.35160296596586704,
        0.33225501514971256,
        0.3156056092120707,
        0.3162831119261682,
        0.4262459585443139,
        0.4286434194073081,
        0.39886670000851154,
        0.28746539494022727,
        0.27900922601111233,
        0.24787257728166878,
        0.2847177239600569,
        0.29115060390904546,
        0.2443596764933318,
        0.3094995114952326,
        0.29263750510290265,
        0.29006859567016363,
        0.35186944785527885,
        0.326925708912313,
        0.3169978812802583,
        0.3148708650842309,
        0.29793143435381353,
        0.3018162448424846,
        0.32498700194992125,
        0.31238585524261,
        0.30782763939350843,
        0.32384087587706745,
        0.30832970421761274,
        0.2966599487699568,
        0.2711470478679985,
        0.28814546344801784,
        0.2694974222686142
    ],
    "policy_losses": [
        0.5234363314229995,
        0.30736399022862315,
        0.2616975209675729,
        0.2531122618820518,
        0.23547396739013493,
        0.26824084436520934,
        0.32153845159336925,
        0.21617418411187828,
        0.17724751168861985,
        0.2796826185658574,
        0.2510228333994746,
        0.2108149256091565,
        0.2419740343466401,
        0.21084386482834816,
        0.21150132501497865,
        0.2332595745101571,
        0.19994314294308424,
        0.18048894265666604,
        0.23132827854715288,
        0.21485820692032576,
        0.21614106721244752,
        0.23597718449309468,
        0.24061567895114422,
        0.21024397411383688,
        0.23329787282273173,
        0.2253493235912174,
        0.19542556372471154,
        0.20105964364483953,
        0.20664903335273266,
        0.16079062558128498,
        0.19723184569738805,
        0.18001755408477038,
        0.17783595621585846,
        0.20568753592669964,
        0.18047753884457052,
        0.1702589811757207,
        0.2129128035157919,
        0.19599649729207158,
        0.1993156613316387,
        0.21973519958555698,
        0.20732202497310936,
        0.20264879206661135,
        0.19571981439366937,
        0.1806468078866601,
        0.16924704576376826,
        0.1901889736764133,
        0.20716298185288906,
        0.18863356579095125
    ],
    "value_losses": [
        0.20474428369197994,
        0.2014653278165497,
        0.20146427094005048,
        0.2446361465845257,
        0.24463459756225348,
        0.2446334371343255,
        0.2589915923308581,
        0.2589909558882937,
        0.2589905362110585,
        0.1815647955518216,
        0.18156478367745876,
        0.1815645087044686,
        0.3542342963628471,
        0.35423404164612293,
        0.354233858641237,
        0.23698905343189836,
        0.23698876320850104,
        0.23699232283979654,
        0.17357642389833927,
        0.17357577104121447,
        0.17357558920048177,
        0.2619365935679525,
        0.26193642104044557,
        0.26193635212257504,
        0.12826634605880827,
        0.12826649483758956,
        0.12827043439028785,
        0.15888274041935802,
        0.15888258232735097,
        0.15888239920604974,
        0.18850359553471208,
        0.18850352079607546,
        0.18850331916473806,
        0.22302734944969416,
        0.22302756548742764,
        0.22302751033566892,
        0.17837884440086782,
        0.17837880505248904,
        0.17837878374848515,
        0.18120866327080876,
        0.18120865151286125,
        0.18120864703087136,
        0.20393903949297965,
        0.2039390349527821,
        0.20393903250806034,
        0.15823238843586296,
        0.1582323838956654,
        0.15823238505981863
    ],
    "entropy_losses": [
        -0.0637828124454245,
        -0.05827189690899104,
        -0.07110119611024857,
        -0.06580854137428105,
        -0.06660434196237475,
        -0.06548645137809217,
        -0.06824459775816649,
        -0.06971243652515113,
        -0.07117371587082744,
        -0.07076667970977724,
        -0.06701274705119431,
        -0.06766853632871062,
        -0.07122523384168744,
        -0.06859814585186541,
        -0.06686267768964171,
        -0.06740001740399748,
        -0.06480230751913041,
        -0.06587830546777695,
        -0.07264969195239246,
        -0.07282836618833244,
        -0.0734335423912853,
        -0.07166782161220908,
        -0.07390867825597525,
        -0.07331363135017455,
        -0.07409882266074419,
        -0.07460658974014223,
        -0.0758234178647399,
        -0.07522465637885034,
        -0.07438101386651397,
        -0.07531334436498582,
        -0.07623593136668205,
        -0.07588357129134238,
        -0.07627067947760224,
        -0.07684543263167143,
        -0.07657939335331321,
        -0.07628860766999424,
        -0.07642078073695302,
        -0.07644386985339224,
        -0.07587819616310298,
        -0.07595686218701303,
        -0.07614482170902193,
        -0.07602980267256498,
        -0.07581797894090414,
        -0.07625614106655121,
        -0.07652613101527095,
        -0.07727431412786245,
        -0.07724990253336728,
        -0.07736852788366377
    ],
    "rewards": [
        0.23332031071186066,
        0.23332031071186066,
        0.23332031071186066,
        0.2317187637090683,
        0.2317187637090683,
        0.2317187637090683,
        0.2451172024011612,
        0.2451172024011612,
        0.2451172024011612,
        0.20765626430511475,
        0.20765626430511475,
        0.20765626430511475,
        0.2924218773841858,
        0.2924218773841858,
        0.2924218773841858,
        0.21390622854232788,
        0.21390622854232788,
        0.21390622854232788,
        0.2368750125169754,
        0.2368750125169754,
        0.2368750125169754,
        0.27390626072883606,
        0.27390626072883606,
        0.27390626072883606,
        0.1954687386751175,
        0.1954687386751175,
        0.1954687386751175,
        0.20000000298023224,
        0.20000000298023224,
        0.20000000298023224,
        0.2224999964237213,
        0.2224999964237213,
        0.2224999964237213,
        0.22761717438697815,
        0.22761717438697815,
        0.22761717438697815,
        0.2208593785762787,
        0.2208593785762787,
        0.2208593785762787,
        0.23093749582767487,
        0.23093749582767487,
        0.23093749582767487,
        0.20902341604232788,
        0.20902341604232788,
        0.20902341604232788,
        0.23054686188697815,
        0.23054686188697815,
        0.23054686188697815
    ],