{
    "epoch_losses": [
        0.5181424366310239,
        0.42148485872894526,
        0.4184757489711046,
        0.48212322080507874,
        0.4572801738977432,
        0.4427322782576084,
        0.31422999780625105,
        0.2912580375559628,
        0.26197312492877245,
        0.35076016234233975,
        0.30812010588124394,
        0.3019099561497569
    ],
    "policy_losses": [
        0.28579336032271385,
        0.19124504318460822,
        0.18576529703568667,
        0.23434458766132593,
        0.20772280835080892,
        0.19343012711033225,
        0.2182498755864799,
        0.1952837974531576,
        0.16568050190107897,
        0.2678429828956723,
        0.22572970972396433,
        0.21958443196490407
    ],
    "value_losses": [
        0.3048968161456287,
        0.30489174649119377,
        0.3048918442800641,
        0.32049731304869056,
        0.32049733167514205,
        0.3204972827807069,
        0.1713117198087275,
        0.17131173994857818,
        0.17131170188076794,
        0.15828950982540846,
        0.15828957315534353,
        0.15828962391242385
    ],
    "entropy_losses": [
        -0.07254774053581059,
        -0.07465193001553416,
        -0.07218139083124697,
        -0.0727186759468168,
        -0.07093996438197792,
        -0.07119512930512428,
        -0.07533160271123052,
        -0.07533749821595848,
        -0.07501907739788294,
        -0.07537232828326523,
        -0.07589917839504778,
        -0.07596409530378878
    ],
    "rewards": [
        0.2430078089237213,
        0.2430078089237213,
        0.2430078089237213,
        0.2637890875339508,
        0.2637890875339508,
        0.2637890875339508,
        0.23933593928813934,
        0.23933593928813934,
        0.23933593928813934,
        0.19890625774860382,
        0.19890625774860382,
        0.19890625774860382
    ],
    "lr": [
        0.0003,
        0.0003,
        0.0003,
        0.00025606601717798207,
        0.00025606601717798207,
        0.00025606601717798207,
        0.00014999999999999996,
        0.00014999999999999996,
        0.00014999999999999996,
        4.393398282201787e-05,
        4.393398282201787e-05,
        4.393398282201787e-05
    ]
}